pclass,sex,age,sibsp,parch,fare,embarked,survived
3,female,79.8,6,3,76.65,S,1
2,male,13.0,6,1,118.52,S,1
3,female,65.1,5,6,298.06,C,1
3,female,33.2,4,3,468.31,Q,1
2,female,62.8,7,2,235.89,C,1
3,male,71.4,1,6,100.41,S,0
3,male,79.4,5,3,297.35,Q,0
1,female,21.7,1,5,478.75,C,1
1,male,36.5,5,3,434.04,Q,0
1,male,75.5,3,3,449.48,C,1
1,male,75.7,3,3,205.26,S,1
3,female,30.1,2,3,131.15,C,1
3,male,75.2,5,3,435.29,S,0
1,female,32.8,0,4,394.04,S,1
2,male,30.3,6,3,425.69,C,0
3,female,60.7,3,4,195.61,S,1
1,male,38.0,8,5,143.08,Q,0
3,male,36.1,4,2,120.15,S,0
1,female,31.2,1,1,435.31,Q,1
2,female,34.9,2,0,459.71,S,1
3,male,11.6,4,4,183.58,S,0
1,female,5.4,3,1,437.27,S,1
2,female,60.4,2,2,190.7,Q,1
1,female,45.4,2,5,223.95,Q,1
3,female,53.9,6,3,283.24,C,1
1,female,64.3,3,4,110.65,S,1
3,male,18.8,1,1,133.72,C,0
2,male,19.1,5,5,133.33,C,1
2,male,22.6,6,4,130.04,C,0
2,male,24.7,4,0,257.76,Q,0
2,male,61.0,6,3,50.25,Q,0
2,female,30.2,1,6,390.19,C,1
2,male,26.2,1,3,87.4,Q,0
3,female,51.1,7,2,221.98,S,1
3,female,15.3,7,0,320.91,Q,1
3,male,9.0,4,6,69.01,S,0
3,male,55.9,4,1,204.6,Q,0
2,female,60.6,4,4,281.58,C,1
2,male,24.1,1,2,275.15,C,0
3,male,51.1,6,3,446.26,S,0
2,male,3.2,3,0,392.5,Q,1
1,female,32.6,6,5,60.45,S,1
3,female,46.4,3,1,416.61,S,1
1,female,20.6,7,4,274.9,C,1
3,male,28.2,7,1,339.08,Q,0
2,male,49.0,7,4,79.99,Q,1
1,female,47.4,2,0,235.99,C,0
1,female,12.8,6,1,349.96,Q,1
2,female,56.7,6,6,398.73,Q,1
1,male,6.9,6,4,402.91,Q,0
1,female,77.6,7,5,108.57,Q,1
2,female,16.6,1,2,416.36,S,1
3,female,20.7,5,5,284.21,C,1
2,male,16.4,6,0,334.34,S,1
3,male,79.3,3,5,425.78,C,0
3,male,23.3,2,0,202.73,C,0
3,male,48.6,5,4,459.82,Q,0
2,female,79.3,2,3,440.63,Q,1
2,female,76.0,5,4,403.87,C,1
2,female,3.9,1,1,189.97,Q,0
1,female,41.9,3,0,264.1,S,1
2,female,48.3,3,5,86.56,C,1
2,female,56.3,6,3,379.69,S,0
1,male,27.2,0,0,445.47,C,1
3,female,26.6,3,2,80.42,S,1
1,female,0.8,5,0,372.37,Q,1
1,male,3.3,4,6,347.09,Q,1
1,female,44.2,6,6,18.26,C,1
3,male,6.5,7,2,458.46,Q,0
3,female,16.6,6,2,239.57,C,1
3,female,27.0,3,4,134.59,C,1
1,male,6.1,1,3,15.09,S,1
3,female,3.0,0,5,390.92,S,1
2,male,74.2,5,1,168.9,S,1
2,male,35.1,1,2,256.75,Q,1
1,female,16.8,7,1,97.37,Q,1
2,male,56.8,5,6,303.5,S,0
3,female,1.3,0,2,198.62,Q,1
2,female,20.0,7,4,403.3,S,1
1,male,76.9,1,5,333.17,S,0
2,female,71.9,8,4,360.86,S,1
1,female,51.1,2,0,125.58,S,1
3,male,7.9,4,6,31.93,S,0
3,male,25.8,4,5,439.98,Q,0
1,male,2.7,3,2,467.83,Q,0
2,male,17.9,1,6,321.75,C,1
3,male,2.5,0,6,460.88,C,0
3,female,10.5,4,3,353.15,S,1
3,female,50.8,8,3,302.91,Q,1
2,male,8.5,3,2,209.53,C,0
1,female,12.9,2,1,177.81,C,1
3,male,72.3,5,1,244.83,C,0
2,female,27.2,8,0,111.22,C,1
1,female,27.0,4,1,213.84,Q,1
1,female,7.4,8,6,253.82,C,1
2,female,63.8,6,2,15.61,Q,1
3,male,54.3,7,1,196.8,S,0
2,female,44.0,2,5,142.23,S,1
2,male,49.6,4,4,317.08,S,1
3,female,8.5,6,0,405.89,C,1
3,male,21.2,3,1,307.22,S,0
2,male,46.9,6,5,331.97,S,1
2,female,76.2,3,1,306.95,C,1
2,female,65.5,6,4,128.12,Q,1
1,male,51.4,4,4,188.15,Q,1
1,female,41.7,0,0,422.1,S,1
2,male,1.7,0,0,473.01,S,1
2,female,71.3,8,0,90.6,Q,1
2,female,5.8,5,5,5.29,Q,0
1,female,10.8,5,5,480.73,C,1
1,male,55.6,6,0,429.8,Q,0
1,male,65.1,2,4,303.8,C,1
2,male,63.0,3,1,408.46,S,0
3,female,36.5,3,2,297.13,Q,1
2,male,14.6,5,4,452.41,Q,1
2,male,3.3,4,6,121.67,Q,1
2,male,68.2,2,2,222.07,Q,1
3,female,78.2,4,1,335.29,Q,1
2,female,19.9,3,0,107.82,S,1
2,male,69.4,2,2,357.41,C,1
2,male,32.5,1,3,131.19,Q,1
2,male,25.3,2,0,355.01,C,1
2,male,40.7,4,4,402.11,S,1
2,female,1.1,3,4,212.09,Q,1
2,female,35.7,3,1,495.06,C,1
3,female,16.4,7,0,315.68,C,1
3,male,57.1,6,1,378.29,S,1
1,male,40.5,3,1,10.3,S,0
2,male,69.6,5,1,56.41,C,1
2,female,71.8,0,5,355.74,C,0
2,female,25.7,3,1,471.56,Q,1
1,male,22.8,4,3,314.11,S,1
1,male,75.2,2,5,456.42,Q,1
2,female,40.6,1,4,29.59,S,0
3,male,8.2,6,2,445.82,S,0
1,female,4.1,0,5,438.66,Q,1
2,female,79.2,8,0,314.43,C,1
3,male,46.5,8,4,214.74,S,1
3,female,4.8,5,2,352.47,Q,1
1,female,41.1,2,1,121.96,Q,1
1,female,40.6,2,1,333.82,C,1
3,male,35.1,4,4,347.13,Q,0
1,female,76.1,6,6,269.95,S,1
1,male,75.9,3,0,130.04,S,0
2,female,10.4,3,2,1.05,Q,1
3,female,12.6,0,1,97.89,S,1
1,male,32.9,7,3,416.89,S,1
2,female,66.8,8,3,106.14,C,1
2,male,50.1,2,4,37.17,S,0
1,female,58.5,8,0,123.32,S,1
3,female,46.3,7,3,259.59,Q,1
3,female,17.2,1,0,293.14,C,1
2,female,65.5,1,5,438.57,S,1
3,female,1.6,3,4,427.38,C,1
2,male,56.0,6,6,484.37,C,0
3,female,15.9,3,5,442.13,Q,1
3,male,38.0,6,4,225.13,C,0
2,male,78.0,1,2,70.94,C,0
1,male,43.4,8,5,477.89,S,1
1,male,5.0,5,2,114.38,Q,0
2,male,34.6,2,1,311.06,C,1
1,male,53.0,7,1,132.23,Q,1
3,female,5.0,3,3,408.41,C,1
3,male,20.6,6,3,100.39,Q,0
1,male,2.0,6,1,210.39,S,1
2,male,43.4,6,4,109.85,S,0
1,female,30.8,1,1,430.28,S,1
1,female,40.5,0,6,309.71,S,1
2,female,24.0,6,0,315.41,C,0
3,male,52.7,2,0,157.25,Q,0
3,male,14.3,0,2,88.25,S,0
2,male,72.6,4,6,428.67,C,0
2,female,76.8,8,1,382.3,Q,1
2,male,39.7,6,6,367.22,Q,1
1,male,37.5,2,2,498.57,C,1
2,female,68.8,3,2,279.77,C,1
3,female,23.5,6,0,89.28,C,0
2,female,64.3,4,5,304.77,Q,0
1,male,23.3,5,6,143.65,Q,0
1,female,57.7,7,5,256.47,S,1
3,female,27.1,0,1,229.66,S,0
1,male,48.4,0,4,281.76,C,1
3,male,74.1,8,3,460.69,Q,0
3,male,4.8,2,2,405.1,S,0
2,male,64.7,7,5,207.57,S,1
2,female,43.6,2,4,408.67,S,1
3,male,30.6,7,6,430.26,C,0
2,male,28.3,8,6,386.99,Q,0
2,female,6.0,8,5,275.69,Q,1
1,female,21.0,2,0,449.67,C,0
2,male,50.0,4,4,245.98,C,1
3,male,8.3,0,3,52.98,Q,1
1,male,53.7,2,1,136.06,C,1
1,female,77.0,3,0,328.76,C,1
3,male,78.5,0,1,189.56,Q,0
2,male,71.2,5,5,211.41,S,1
3,female,64.6,1,4,201.1,S,1
1,male,14.6,1,5,96.02,Q,1
3,male,77.6,5,6,46.77,S,0
1,male,16.6,7,0,24.54,C,0
2,female,69.6,8,2,336.25,Q,1
3,male,70.3,1,5,162.06,S,0
1,male,49.9,6,5,228.43,Q,0
2,female,41.9,6,4,467.6,Q,1
3,male,16.4,7,0,313.33,C,0
2,female,41.8,1,0,405.33,C,1
1,male,23.6,4,3,381.16,C,1
2,male,10.5,7,3,476.86,Q,1
2,female,10.7,5,2,33.41,C,1
3,female,64.2,1,4,192.07,Q,1
3,female,73.8,0,1,474.81,C,1
2,male,11.8,6,2,232.22,S,1
1,female,1.6,0,0,473.9,S,1
2,male,21.5,7,3,92.43,C,0
1,female,11.2,5,5,30.12,S,1
3,female,15.5,2,6,447.73,Q,1
3,male,46.9,1,1,205.63,S,0
2,male,34.1,0,4,254.14,S,1
3,female,34.6,3,0,468.14,S,1
2,male,16.8,5,3,109.71,Q,1
2,female,53.3,2,6,484.1,Q,1
3,female,23.5,4,0,198.28,S,1
3,female,32.2,5,2,123.71,Q,1
3,female,37.3,4,0,116.85,C,1
3,female,72.4,2,3,259.22,Q,1
1,male,20.1,7,5,233.48,Q,1
2,male,57.6,6,3,443.05,C,1
3,female,25.1,4,5,25.4,C,1
1,female,71.6,1,2,21.99,Q,1
1,female,31.8,4,5,76.39,S,1
2,male,40.7,3,1,302.83,Q,0
3,male,70.2,4,4,390.67,Q,0
3,male,54.0,1,2,239.92,C,0
3,male,8.0,4,4,306.88,C,0
2,male,11.4,0,1,321.28,C,0
1,female,79.3,3,3,9.65,C,1
3,female,2.8,6,1,123.14,C,1
2,male,24.4,1,5,498.88,Q,1
3,male,76.7,1,1,165.39,Q,0
3,female,1.7,2,2,473.31,C,1
3,male,13.3,8,0,246.14,S,0
1,male,17.5,2,3,111.28,Q,1
3,male,7.4,8,0,1.21,S,0
2,female,38.0,2,3,108.78,S,1
2,female,47.6,0,6,160.75,Q,1
3,male,25.8,7,4,219.65,C,0
3,male,9.1,1,3,223.59,C,0
2,male,65.0,1,1,274.17,C,1
1,male,64.5,4,6,237.07,Q,1
3,female,45.2,1,0,16.43,Q,0
1,female,11.5,5,1,133.48,Q,1
1,female,43.6,4,0,481.01,C,1
1,male,50.5,6,2,13.71,S,1
1,male,34.5,2,1,367.03,S,0
3,male,69.2,2,1,238.19,Q,1
2,female,31.5,2,6,353.46,C,1
1,male,41.1,6,3,166.25,C,1
1,male,9.6,3,5,185.07,S,1
2,female,45.3,7,3,258.39,C,1
2,male,61.4,4,5,454.83,Q,0
1,male,58.6,7,5,164.19,S,1
3,male,20.9,6,3,42.93,S,0
3,male,79.4,6,5,19.13,Q,0
2,male,57.7,8,0,440.78,S,1
3,female,34.2,4,6,156.87,C,1
2,male,33.5,7,3,59.76,C,1
1,female,62.5,7,1,298.21,Q,1
1,female,14.5,3,6,422.45,S,1
1,male,51.4,6,4,299.77,C,1
3,female,57.6,4,3,75.86,S,1
1,female,41.5,5,1,202.87,C,1
2,male,69.9,3,4,133.24,Q,0
1,male,37.8,4,5,8.29,C,1
3,male,37.5,2,2,482.84,Q,0
1,male,23.1,5,1,229.61,C,0
2,male,73.6,8,1,67.36,C,0
3,female,25.6,3,5,442.45,C,1
2,female,55.8,0,4,492.56,C,1
3,male,33.0,6,1,408.0,C,1
3,male,74.9,1,3,126.82,S,0
3,female,75.9,6,1,95.27,S,1
3,female,2.9,5,2,262.56,S,1
2,male,79.6,8,5,291.75,C,1
2,female,48.6,5,1,439.2,C,1
3,female,6.4,1,6,483.62,C,1
2,female,40.0,2,4,455.19,C,1
3,female,4.4,2,0,171.04,C,1
3,female,44.1,8,2,292.8,Q,1
2,male,15.2,7,2,61.93,C,0
2,female,29.8,3,4,259.44,Q,1
3,male,24.7,7,6,35.39,Q,0
3,male,48.4,5,1,55.65,Q,0
1,male,65.9,2,1,60.97,C,1
1,male,75.0,0,5,150.72,S,1
1,female,26.6,8,4,154.84,C,1
2,male,45.8,8,2,352.52,S,1
1,male,1.0,6,4,38.02,S,1
2,male,30.1,0,3,55.57,S,0
2,male,76.9,5,6,328.16,Q,0
3,male,9.9,3,6,336.39,Q,0
3,male,69.7,6,2,355.22,S,0
1,male,52.4,7,5,360.07,S,0
3,male,23.9,4,3,331.46,S,0
3,female,62.4,8,5,276.3,S,1
3,male,23.5,1,2,370.68,C,0
3,male,71.6,8,2,40.76,C,0
1,female,7.1,7,0,105.91,Q,0
3,male,10.0,7,5,370.73,Q,0
1,male,60.1,8,3,96.28,S,1
2,male,36.2,2,2,265.38,C,0
3,female,12.2,1,3,130.15,C,1
3,male,41.3,0,6,215.64,S,1
1,female,24.1,6,5,417.09,S,1
1,female,44.2,4,6,330.32,C,0
2,male,59.6,2,2,222.59,C,1
2,male,68.6,0,4,136.76,S,1
3,male,5.2,2,3,402.51,Q,1
1,male,47.6,8,5,328.51,C,1
1,male,78.7,0,5,219.97,Q,1
1,male,37.1,0,3,434.64,Q,1
2,female,61.7,2,3,346.23,C,1
1,male,8.2,2,5,490.29,S,1
1,female,69.9,1,3,332.19,Q,1
3,male,46.8,1,0,449.95,S,0
3,male,71.1,4,0,275.2,C,0
3,male,63.1,0,6,355.0,S,0
2,male,69.6,8,1,421.22,S,1
1,male,5.1,4,5,45.23,Q,1
3,male,57.4,3,0,237.11,C,1
2,male,16.2,0,0,302.8,S,1
3,female,21.6,1,0,28.89,S,1
2,female,26.3,8,1,394.61,C,1
1,female,47.5,3,6,357.77,C,1
2,male,50.4,6,4,468.12,C,1
2,male,74.5,1,0,186.02,C,0
2,female,1.5,3,5,234.58,S,0
2,male,15.9,2,6,455.95,C,1
1,male,29.3,7,1,205.75,S,0
1,female,65.5,3,3,417.18,S,1
3,male,44.2,7,6,210.7,S,0
3,male,41.2,8,2,168.88,C,1
2,female,60.9,2,2,138.63,Q,0
1,female,52.6,1,4,106.75,C,1
2,male,23.5,7,6,215.72,Q,1
2,female,7.4,8,6,80.79,Q,1
2,female,37.3,8,5,413.99,S,1
1,male,70.5,1,1,487.22,S,0
1,female,48.1,5,3,48.72,Q,1
3,female,4.7,1,1,27.41,S,1
1,female,35.5,3,2,1.87,Q,1
3,male,31.1,3,6,466.03,S,0
2,male,46.8,8,0,36.9,S,0
1,male,47.2,6,0,340.09,C,0
3,female,76.1,8,0,151.92,Q,1
3,female,27.4,7,1,99.11,Q,1
3,female,32.9,3,4,123.17,S,1
3,male,49.3,7,2,344.83,S,1
3,female,71.0,0,5,8.99,S,1
3,female,56.6,1,4,432.41,C,0
1,male,37.9,7,6,283.9,S,1
3,male,65.3,0,2,117.8,C,0
3,female,39.1,5,2,104.17,S,0
3,male,77.1,8,0,327.37,S,0
3,female,23.0,2,6,314.67,S,0
3,male,10.6,6,5,159.06,S,0
3,male,66.5,5,2,167.01,S,0
3,male,24.1,6,1,231.72,Q,0
2,male,67.9,2,6,455.24,Q,1
3,male,48.9,1,3,269.15,C,0
3,male,41.0,8,6,420.04,Q,0
1,female,7.4,0,2,320.43,C,1
1,female,63.0,3,1,281.06,S,1
1,female,5.7,0,4,244.83,Q,1
1,female,77.2,1,6,340.31,S,1
2,female,70.2,5,0,245.76,S,1
1,female,24.6,0,4,362.99,Q,1
1,male,10.7,1,0,91.03,S,0
1,female,70.9,3,4,161.16,C,1
3,female,38.6,2,6,436.59,Q,1
1,female,10.4,8,5,197.61,C,1
3,female,40.1,1,4,421.54,C,1
1,female,20.1,1,3,468.98,Q,0
3,male,32.9,6,0,289.23,S,0
2,female,51.4,4,3,50.93,S,1
1,male,73.3,4,6,378.47,S,1
1,female,64.2,8,2,332.93,S,1
1,female,13.3,1,1,145.39,S,1
2,female,38.4,0,6,431.49,Q,1
1,female,39.6,7,3,241.36,C,1
1,male,79.2,2,6,28.5,Q,1
1,male,7.4,2,0,33.99,S,0
3,female,41.1,7,1,114.17,Q,0
1,male,73.2,5,4,304.92,S,1
1,male,32.2,0,5,407.59,C,1
2,male,21.3,8,6,49.52,Q,0
1,female,44.7,8,1,11.15,C,1
2,male,25.9,0,1,311.25,S,0
3,female,74.2,7,1,204.73,Q,1
3,female,7.2,1,5,220.81,C,1
2,male,16.9,1,1,410.35,Q,1
2,female,7.2,6,6,459.51,Q,1
3,female,57.1,5,4,483.62,S,1
2,female,23.8,3,4,389.58,S,1
2,female,72.1,4,1,1.63,C,1
1,male,71.5,1,5,75.25,C,1
2,male,74.9,6,1,293.64,S,0
1,female,20.9,3,1,477.64,Q,1
1,male,0.6,2,0,40.72,C,1
3,male,31.3,5,1,257.47,Q,0
2,male,77.0,3,2,198.24,Q,0
2,female,61.2,0,0,203.42,S,1
1,male,5.2,2,5,134.28,S,1
1,male,56.4,8,2,135.38,S,1
3,male,73.4,2,0,119.18,C,0
2,female,77.4,3,6,51.58,S,1
3,male,57.4,1,3,277.04,S,0
3,female,69.1,0,4,222.97,Q,1
3,female,67.4,8,4,356.47,S,1
1,male,29.0,5,5,319.97,Q,0
1,male,8.4,7,0,476.4,S,1
2,male,58.3,7,2,169.81,Q,1
2,female,11.4,3,2,441.25,C,1
3,female,31.0,4,3,192.38,C,1
1,female,79.7,6,6,330.34,Q,1
1,male,45.0,6,0,402.49,S,1
1,female,42.0,4,6,198.39,S,1
1,male,75.9,0,3,223.08,S,1
2,male,23.1,2,5,315.63,S,0
1,male,80.0,2,6,55.39,C,0
3,male,73.0,3,1,265.88,C,0
1,male,29.4,5,1,47.47,S,0
1,female,26.5,8,5,112.44,C,1
2,female,10.6,1,2,311.53,C,1
3,male,73.3,3,3,486.08,S,0
2,male,15.3,2,2,499.68,C,1
3,male,1.2,5,1,130.34,C,0
1,male,71.3,7,5,73.16,S,0
1,female,48.1,8,3,259.29,C,1
3,male,53.9,4,0,220.69,S,1
3,female,58.8,2,6,189.72,C,1
3,female,3.9,1,0,384.24,C,1
3,male,7.8,7,6,354.84,Q,0
2,male,40.2,0,4,280.91,Q,1
1,male,4.5,1,2,310.73,Q,1
2,female,40.6,0,2,290.93,C,0
2,female,59.0,6,0,338.44,S,1
2,female,52.8,7,2,463.9,C,1
2,male,49.5,7,6,473.33,S,0
1,female,4.2,2,6,489.75,Q,1
2,female,19.3,7,6,429.86,C,1
3,male,71.9,0,4,52.37,Q,0
1,male,10.3,8,3,225.84,S,1
2,male,42.9,5,5,390.79,Q,1
2,female,4.5,6,1,147.17,S,1
1,female,75.2,0,6,303.36,C,1
2,male,14.1,8,3,27.62,S,1
3,female,33.1,3,3,101.82,C,1
3,female,44.0,2,4,200.11,S,1
3,male,57.6,7,4,35.1,C,0
3,male,75.0,4,3,212.16,Q,0
2,female,59.0,1,6,115.06,S,1
1,female,28.1,1,2,430.89,C,1
1,male,6.5,3,5,159.41,S,1
3,female,56.7,0,1,190.36,S,1
1,female,77.8,4,2,401.01,Q,1
3,male,1.9,3,2,279.83,Q,0
2,male,62.1,5,1,25.04,S,1
3,male,14.5,6,0,108.79,Q,0
1,female,37.1,1,3,305.44,S,1
1,female,42.0,7,1,99.68,S,1
2,female,49.3,7,6,124.16,Q,0
1,female,79.2,0,6,311.47,S,0
2,female,55.1,6,2,247.29,Q,1
2,male,31.7,8,0,134.55,S,0
2,female,57.3,3,5,279.6,Q,1
1,female,37.6,2,5,316.87,Q,1
1,male,33.3,4,2,19.69,Q,1
2,male,29.6,2,5,136.92,Q,0
2,female,39.7,1,0,153.86,Q,1
3,female,22.9,7,2,439.36,S,1
3,female,19.7,5,1,25.66,C,1
2,male,12.3,8,4,173.57,Q,0
1,female,35.5,6,0,97.28,Q,1
1,female,23.8,6,1,347.57,C,0
3,female,67.0,7,1,405.62,S,1
2,female,67.9,2,4,28.72,S,1
3,male,27.8,1,2,431.65,Q,0
2,female,49.7,4,4,347.98,S,1
2,male,72.2,8,0,108.49,C,0
1,male,29.1,7,5,457.92,S,1
2,male,44.6,6,4,146.52,Q,1
2,female,35.8,3,3,394.23,C,1
3,male,52.2,1,2,37.48,S,0
1,female,76.8,7,6,228.02,C,1
1,male,11.5,3,4,252.88,S,1
2,male,77.2,7,6,448.29,S,1
3,male,53.4,1,1,418.26,S,1
3,male,63.8,4,4,273.19,S,0
2,male,51.0,7,4,25.77,S,1
2,female,69.7,8,4,214.99,C,1
1,female,26.4,0,3,187.65,S,1
2,female,56.8,3,1,497.75,Q,1
2,male,21.5,2,2,340.36,Q,0
2,male,40.9,6,6,202.53,C,1
1,female,54.7,7,1,182.41,Q,1
1,female,16.5,5,4,383.79,Q,1
3,male,5.4,6,4,47.89,C,0
1,male,63.4,2,6,408.51,S,1
1,female,64.8,0,2,335.45,S,0
1,male,53.4,4,2,217.65,Q,1
3,male,26.1,0,0,355.17,C,0
2,female,52.8,5,6,198.91,S,1
2,male,7.2,5,3,71.59,Q,1
1,male,53.2,4,0,208.47,S,1
2,male,46.3,7,0,25.68,S,1
3,male,49.6,0,3,43.56,C,0
3,female,36.0,3,3,219.51,Q,1
2,male,18.4,8,0,412.54,S,1
3,female,58.2,2,6,101.84,C,1
1,male,37.4,8,1,250.41,Q,0
1,female,59.8,0,2,489.47,C,1
1,male,29.5,0,5,413.73,C,0
1,female,7.5,1,3,450.96,S,1
3,male,43.6,8,0,337.48,Q,0
3,male,50.0,5,4,294.54,S,0
1,male,73.8,4,2,290.92,Q,1
2,female,71.1,1,5,300.62,S,1
1,male,5.0,1,1,232.49,S,1
3,female,61.9,7,4,180.31,S,1
1,male,21.3,7,5,119.34,S,0
2,male,55.9,0,1,32.65,C,1
1,male,30.7,3,0,184.57,C,1
3,male,26.1,4,3,384.95,S,0
3,female,39.3,6,2,276.34,C,1
3,female,42.7,0,4,81.99,C,1
1,female,55.7,7,5,407.1,S,1
3,female,51.2,4,6,20.73,C,1
1,male,54.4,4,4,465.56,Q,0
3,male,31.0,3,6,325.9,C,0
3,female,54.3,0,4,278.06,Q,0
2,female,28.0,8,6,206.3,C,1
2,female,48.8,7,6,412.52,Q,1
3,female,37.0,7,1,3.39,C,1
1,male,45.2,6,0,7.96,S,1
1,male,1.9,4,0,260.16,S,1
2,male,40.2,8,4,148.53,Q,1
1,female,18.0,0,2,200.78,C,1
3,female,31.2,2,5,268.3,Q,1
3,female,6.4,4,6,21.89,C,1
2,male,52.7,7,5,491.53,C,1
1,female,71.5,3,2,338.82,S,1
3,female,28.7,7,4,49.45,S,1
2,male,8.9,2,4,369.31,C,0
1,male,49.8,3,0,266.45,C,1
2,female,10.6,2,0,343.47,S,1
3,female,71.4,3,0,368.85,C,1
1,male,10.2,7,3,495.68,Q,1
3,female,29.3,3,5,59.2,Q,1
2,female,39.8,4,5,498.11,C,1
3,female,9.9,0,4,238.43,S,1
3,male,25.8,4,6,100.47,S,1
3,male,22.4,2,1,186.8,C,0
2,male,57.2,4,1,182.16,S,0
2,female,78.9,2,0,447.68,C,1
3,male,29.3,3,0,262.14,S,1
1,male,63.4,0,3,33.36,C,1
1,female,11.7,4,5,357.44,S,1
2,female,46.6,6,0,248.89,Q,1
3,female,34.9,5,5,407.3,S,1
3,male,23.4,3,5,23.23,S,0
3,male,65.8,7,0,432.5,Q,0
1,male,59.8,5,2,446.43,C,0
1,male,11.2,5,4,4.12,Q,1
1,female,23.7,2,5,238.46,Q,1
3,male,65.7,6,5,60.79,S,0
2,male,79.4,3,0,264.71,Q,1
1,female,49.1,1,0,44.6,S,1
3,male,69.8,6,3,443.52,C,0
2,female,78.7,5,1,91.82,Q,1
3,female,59.4,4,0,334.1,Q,1
2,female,51.8,6,3,326.79,S,1
1,male,18.1,5,5,160.41,C,1
3,male,29.9,6,3,107.23,Q,1
1,male,50.1,3,3,457.62,C,1
1,female,74.1,8,4,19.9,S,1
3,male,24.5,5,1,127.06,S,0
2,male,31.9,4,4,163.36,S,1
2,male,2.3,8,6,292.09,C,0
1,male,55.9,8,0,184.6,S,1
3,male,35.8,2,4,55.68,Q,0
2,male,63.9,2,2,285.17,Q,0
3,female,19.1,4,2,362.04,Q,1
2,male,52.9,0,1,352.39,Q,0
3,female,54.0,6,5,244.79,Q,1
3,female,37.4,6,3,153.43,Q,1
3,female,15.5,0,2,5.13,C,1
1,female,32.5,2,6,266.4,Q,1
3,female,59.7,8,6,314.27,S,1
2,female,15.5,1,0,220.63,S,1
2,male,7.7,4,2,479.61,C,1
1,female,37.3,6,2,101.12,C,1
2,female,19.1,2,6,407.05,Q,1
1,female,64.1,3,0,359.39,C,1
1,female,65.5,6,0,449.66,S,1
3,female,75.6,3,5,462.28,S,1
3,female,67.3,7,5,118.36,S,1
2,male,52.0,0,2,460.9,Q,1
3,female,15.4,5,2,201.61,S,1
1,female,65.9,3,0,339.54,S,1
3,female,58.4,8,2,476.45,Q,1
1,male,59.9,3,3,297.68,C,1
2,male,55.9,0,4,291.46,S,0
1,male,66.5,7,2,35.43,C,0
2,female,24.2,4,0,298.33,S,1
2,female,54.0,0,1,120.56,C,1
2,male,41.6,6,1,194.13,C,1
2,male,27.4,5,6,188.93,Q,1
1,male,26.5,8,0,486.68,S,1
2,female,12.9,6,5,318.9,S,0
3,female,39.6,5,5,362.48,C,1
2,female,29.8,1,3,86.38,C,0
2,female,34.0,5,1,152.14,Q,1
1,female,68.2,1,0,438.73,C,1
2,male,54.7,3,3,60.12,C,1
3,female,54.6,3,5,476.56,Q,1
2,female,78.7,5,2,213.7,C,1
1,female,17.8,1,5,194.97,Q,1
3,female,40.9,4,1,257.32,C,0
3,male,7.9,2,2,221.63,C,0
2,male,31.7,8,6,235.27,S,1
1,male,76.1,8,4,211.99,S,1
3,male,7.3,7,3,350.88,C,0
1,female,60.7,2,3,138.15,C,1
3,male,69.3,6,4,83.25,S,0
2,female,41.0,8,3,217.27,S,1
2,female,63.9,8,4,44.15,C,1
3,male,35.6,7,1,223.69,S,0
1,female,28.6,0,5,247.17,C,0
1,male,40.7,1,0,392.17,C,0
3,female,16.0,6,1,54.52,C,1
3,male,24.9,2,2,198.44,Q,0
3,male,24.8,4,0,390.28,S,0
1,female,79.1,4,5,169.13,S,1
1,female,27.1,6,3,418.11,C,1
2,female,18.7,6,5,359.2,Q,1
3,female,75.2,2,1,20.86,S,1
3,female,11.5,7,6,192.64,S,1
3,male,77.3,4,0,383.18,C,0
2,male,68.3,5,4,263.27,C,0
3,male,51.9,7,6,336.44,S,1
1,female,34.5,2,6,495.01,Q,0
1,male,16.2,0,4,337.63,S,1
2,female,8.9,5,6,273.02,Q,1
1,female,8.7,2,2,423.06,C,0
3,male,28.3,2,2,215.11,S,0
3,female,32.9,4,0,5.21,Q,1
1,female,73.9,7,4,136.24,Q,1
1,male,43.1,7,5,297.36,C,0
1,female,79.3,6,0,474.12,C,1
1,male,57.8,2,3,303.57,Q,1
2,female,12.1,8,4,141.85,Q,1
2,male,44.5,7,1,496.6,C,1
3,male,13.2,0,3,200.08,C,0
2,male,3.6,2,6,113.9,S,0
3,male,75.5,1,5,276.46,Q,0
3,female,27.4,2,6,172.03,Q,0
3,female,15.6,6,3,55.78,S,1
1,male,8.6,4,6,356.39,C,1
2,female,52.3,1,6,345.73,C,1
3,male,37.2,5,5,486.09,C,0
3,male,1.4,5,3,68.42,S,0
1,male,57.4,7,3,455.27,S,1
3,female,20.9,2,3,398.59,Q,1
3,female,62.6,7,2,126.55,C,1
1,female,39.3,5,3,239.64,C,1
1,female,43.1,2,4,315.07,C,0
1,male,36.8,2,5,157.47,C,1
2,male,54.2,6,1,53.78,C,1
1,female,79.2,6,3,418.54,C,1
1,male,63.9,5,4,82.35,Q,1
1,female,6.0,3,4,245.36,S,1
1,male,39.8,3,0,218.85,Q,1
2,female,19.1,5,5,451.51,S,0
1,female,8.6,6,0,279.46,Q,1
2,female,16.0,2,4,212.2,S,1
3,female,20.2,8,5,488.4,C,1
1,female,76.8,1,2,176.27,S,1
2,male,59.7,4,2,363.24,C,1
3,male,68.3,2,1,116.98,C,0
1,female,56.1,8,4,378.61,S,1
3,male,25.6,1,1,375.63,Q,0
3,male,31.6,1,5,414.08,C,1
1,female,35.5,6,2,242.36,C,1
3,female,23.8,1,5,111.08,C,1
1,male,34.0,8,6,315.99,Q,1
3,male,61.8,6,4,455.11,Q,0
2,male,6.5,7,0,154.91,C,1
1,female,22.5,2,5,10.08,C,1
1,female,38.6,6,5,92.5,Q,1
2,male,54.3,5,4,466.46,S,1
3,male,51.9,3,6,3.03,Q,0
1,male,58.1,4,6,26.93,C,1
2,female,8.9,0,3,49.17,C,1
1,female,14.9,1,6,445.92,C,1
2,male,25.1,1,3,191.66,S,1
1,female,22.9,6,0,345.81,Q,1
3,male,60.6,2,3,352.94,C,0
2,male,79.5,6,1,217.0,C,0
3,male,54.8,6,5,366.19,Q,0
1,male,3.1,1,2,230.61,S,1
1,male,24.2,2,5,270.92,C,1
1,male,64.3,2,1,153.41,Q,0
2,female,74.0,1,5,0.97,C,1
3,male,47.8,7,1,296.65,Q,0
2,female,28.2,3,1,132.82,Q,1
2,male,28.7,8,6,137.58,Q,0
3,female,50.9,7,5,439.4,C,1
1,male,69.2,7,0,180.93,S,1
1,female,27.6,6,3,51.18,Q,0
3,male,15.7,4,1,315.18,C,0
3,male,0.7,3,6,269.22,Q,0
1,male,11.4,3,5,28.78,S,1
1,male,68.2,5,5,174.46,S,1
2,female,50.2,4,1,305.6,S,1
3,female,79.3,7,5,139.86,Q,1
1,male,6.0,1,1,493.08,C,1
3,male,29.6,3,4,399.48,C,0
2,male,63.8,4,6,252.11,C,1
3,male,53.1,2,5,457.76,Q,0
2,male,5.8,2,5,17.37,S,1
2,female,32.4,5,1,112.27,S,1
2,female,51.2,1,3,457.42,C,1
3,female,55.2,7,4,254.36,C,1
2,male,36.4,3,0,85.1,C,1
3,male,15.5,6,4,285.05,C,0
3,male,77.3,0,1,365.12,C,0
1,male,37.6,7,6,301.71,C,0
3,female,57.5,4,6,22.94,Q,0
2,female,43.0,7,3,18.36,C,1
1,male,6.9,6,5,203.54,S,1
1,male,19.3,7,6,8.13,C,0
1,female,5.5,5,0,42.04,S,1
2,female,15.7,0,1,321.28,S,1
1,female,16.4,8,4,219.23,Q,1
2,male,33.5,3,1,42.76,C,0
3,male,26.1,7,2,438.23,Q,1
3,male,29.3,4,6,184.24,Q,0
3,female,65.4,5,5,441.59,S,1
1,male,2.2,1,3,304.62,C,1
1,male,8.7,8,2,310.48,Q,1
3,male,64.7,7,2,212.02,S,0
3,male,43.0,4,0,336.0,S,1
3,female,35.4,3,5,121.77,Q,1
1,male,21.8,7,0,128.71,S,0
3,male,43.6,1,0,437.45,Q,1
2,female,18.1,2,2,101.87,S,0
2,female,68.7,1,2,193.02,Q,0
2,female,66.0,4,6,372.36,S,0
2,female,26.1,3,5,165.0,S,1
3,male,2.4,8,6,182.99,C,1
3,male,71.1,8,4,454.59,S,0
1,female,24.2,5,4,103.23,C,1
3,female,52.7,6,1,120.59,C,1
1,male,68.7,4,5,443.37,C,1
2,female,64.0,3,3,137.62,Q,0
2,male,69.1,7,1,165.3,S,0
3,male,39.4,3,5,440.99,C,0
1,female,67.5,2,2,160.57,S,1
2,male,37.2,1,6,498.49,C,0
1,female,21.5,7,6,410.64,Q,1
3,male,38.7,7,5,423.34,Q,0
2,male,27.2,0,6,112.84,C,1
3,male,61.5,7,2,108.53,S,0
3,female,66.6,2,3,376.29,C,1
1,female,11.7,7,1,413.36,C,1
3,male,13.6,1,5,112.27,Q,1
3,female,31.0,1,2,102.99,Q,1
3,male,37.3,2,6,121.78,Q,0
3,female,76.5,8,1,68.81,Q,0
3,male,75.4,8,6,210.6,C,0
3,male,77.4,5,1,251.46,Q,0
3,female,58.5,0,2,314.08,C,1
1,female,54.3,5,6,27.68,Q,1
3,male,22.0,2,4,96.1,Q,0
3,male,30.1,6,3,58.54,Q,0
3,female,0.7,5,2,135.0,S,1
3,male,66.7,7,1,92.89,Q,0
3,female,22.4,6,3,468.14,C,1
2,female,6.8,2,1,186.67,Q,1
1,male,25.6,6,3,69.45,C,1
1,male,26.2,2,3,333.22,C,1
1,female,58.1,3,1,486.45,C,1
1,female,1.0,2,2,397.21,S,1
3,male,18.8,1,0,324.1,Q,0
3,female,71.8,3,6,189.08,C,1
1,female,68.5,7,5,201.65,Q,1
2,male,50.5,4,6,151.07,Q,0
3,female,44.9,1,4,403.11,Q,1
3,female,18.2,6,6,401.67,C,1
2,female,70.1,0,5,244.7,S,1
